Timestamp_cubic,Vazao_cubic,Vazao_bbr,Atraso(ms),Hop_count,Bottleneck,Link_bottleneck
1705412827,1066132504.0,2027066755.0,22.71,6,100.0,es-ba
1705440023,2333820127.0,3437232643.0,23.61,6,100.0,es-ba
1705453627,1178130510.0,2839408693.0,23.77,6,100.0,es-ba
1705496494,1467378428.0,1720401739.0,23.2,5,100.0,mg-ba
1705516595,1476352396.0,1720401739.0,24.47,6,100.0,es-ba
1705521084,2013792624.0,3245920735.0,23.71,5,100.0,mg-ba
1705539383,9751631.0,1276906807.0,25.53,5,100.0,mg-ba
1705555158,1491008404.0,2118574081.0,22.36,6,100.0,es-ba
1705575216,1630271905.0,2118574081.0,23.83,6,100.0,es-ba
1705608087,2548111984.0,2364124296.0,26.36,5,100.0,mg-ba
1705608515,2504640280.0,2364124296.0,25.91,5,100.0,mg-ba
1705629572,41995628.0,2305254586.0,23.97,5,100.0,mg-ba
1705654130,2272629826.0,3276443002.0,24.13,5,100.0,mg-ba
1705691085,1516087627.0,2310910919.0,26.0,6,100.0,mg-ba
1705704425,131538163.0,899732526.0,26.03,6,100.0,mg-ba
1705712999,150733576.0,2866607961.0,25.63,6,100.0,mg-ba
1705738320,2201753855.0,2034657480.0,25.5,6,100.0,mg-ba
1705742808,2077694474.0,2034657480.0,24.5,6,100.0,mg-ba
1705768642,1888499350.0,1188717588.0,24.77,7,100.0,es-ba
1705773953,2696419250.0,1188717588.0,25.01,6,100.0,mg-ba
1705788375,1870821360.0,2184153894.0,25.26,6,100.0,mg-ba
1705798896,874149010.0,1830657050.0,23.9,7,100.0,es-ba
1705799327,3005593331.0,1830657050.0,24.07,7,100.0,es-ba
1705837963,1323776094.0,2355270405.0,23.42,6,100.0,es-ba
1705854886,1076627991.0,1614757194.0,24.08,5,100.0,mg-ba
1705888476,2617341785.0,2591496077.0,24.35,5,100.0,mg-ba
1705922957,2031261185.0,785245951.0,25.22,5,100.0,mg-ba
1705929412,2909906022.0,2753045648.0,25.22,5,100.0,mg-ba
1705944579,1380400014.0,2753045648.0,24.0,5,100.0,mg-ba
1705966154,4094662852.0,642299580.0,24.38,6,100.0,es-ba
1705971231,34971046.0,642299580.0,25.28,5,100.0,mg-ba
1706005718,1877621774.0,3351096971.0,24.82,6,100.0,es-ba
1706026731,3432012404.0,4257179967.0,19.63,6,100.0,es-ba
1706034957,3349641021.0,4257179967.0,25.72,7,100.0,es-ba
1706059858,1396792217.0,2954735791.0,24.1,7,100.0,es-ba
1706097435,8336199.0,1768023009.0,28.21,7,20.0,sp-df
1706110600,2553816169.0,2258716190.0,27.64,7,20.0,sp-df
1706139837,1359588536.0,2302991614.0,22.87,6,100.0,es-ba
1706160056,1394396016.0,3550046657.0,20.87,6,100.0,es-ba
1706213852,2333193690.0,4833030064.0,28.78,6,100.0,es-ba
1706218350,674446646.0,4833030064.0,26.11,6,100.0,es-ba
1706231346,3280412994.0,2921758156.0,24.91,5,100.0,mg-ba
1706280090,930610734.0,2280928091.0,25.07,6,100.0,mg-ba
1706307688,44616951.0,1022414897.0,24.58,5,100.0,mg-ba
1706321944,868956408.0,708052643.0,24.56,5,100.0,mg-ba
1706422437,738773482.0,3443590992.0,24.19,5,100.0,mg-ba
1706440278,3795073015.0,1328962895.0,24.23,5,100.0,mg-ba
1706471069,2214736842.0,2865174185.0,23.29,6,100.0,es-ba
1706479880,2744602661.0,2865174185.0,22.57,6,100.0,es-ba
1706492834,1492918888.0,3075740626.0,22.98,6,100.0,es-ba
1706546518,3410079295.0,710254587.0,24.07,6,100.0,es-ba
1706569839,2482371200.0,4474608724.0,24.22,6,100.0,es-ba
1706610526,1384140182.0,2551297536.0,23.36,6,100.0,es-ba
1706636984,2822147606.0,2551297536.0,25.53,7,100.0,es-ba
1706655865,2241314726.0,2923111368.0,24.14,6,100.0,es-ba
1706685905,1552504050.0,2923111368.0,24.12,6,100.0,es-ba
1706696944,15833560.0,4067450305.0,27.02,7,20.0,sp-df
1706731374,7759502.0,769153466.0,30.36,7,20.0,sp-df
1706743453,106278773.0,769153466.0,24.51,6,100.0,mg-ba
1706778556,3043178246.0,1423866832.0,23.82,5,100.0,mg-ba
1706810830,2785079057.0,1423866832.0,19.35,5,100.0,mg-ba
1706825643,1105982871.0,2437470022.0,21.35,5,100.0,mg-ba
1706852440,1986043552.0,3738830026.0,20.06,5,100.0,mg-ba
1706865725,1987757410.0,3738830026.0,19.63,5,100.0,mg-ba
1706883474,436314589.0,2965022530.0,19.76,5,100.0,mg-ba
1706898272,2396653825.0,2965022530.0,21.03,5,100.0,mg-ba
1706910266,2371993020.0,3264802580.0,29.79,5,100.0,mg-ba
1706927466,605763415.0,3528832299.0,28.95,5,100.0,mg-ba
1706963601,1861575346.0,1116264148.0,24.34,5,100.0,mg-ba
1706965029,1390945174.0,1116264148.0,24.25,5,100.0,mg-ba
1707004350,458634681.0,2598294791.0,16.19,5,100.0,mg-ba
1707076667,841434565.0,2421945146.0,22.51,5,100.0,mg-ba
1707091923,351062876.0,1642179912.0,22.56,5,100.0,mg-ba
1707114455,1995224418.0,2448848186.0,22.03,5,100.0,mg-ba
1707130285,1943225123.0,2785748934.0,21.6,5,100.0,mg-ba
1707161341,1864943632.0,2643774140.0,24.41,5,100.0,mg-ba
1707171767,682101621.0,2643774140.0,23.58,5,100.0,mg-ba
1707184838,21496514.0,677590658.0,28.59,7,20.0,sp-df
1707227612,553176517.0,1812380399.0,27.76,6,100.0,es-ba
1707241345,1470052887.0,1812380399.0,25.88,6,100.0,es-ba
1707265257,1248805146.0,1084806741.0,26.22,6,100.0,es-ba
1707274607,1733140054.0,1084806741.0,27.21,5,100.0,mg-ba
1707317389,1080059895.0,3074109798.0,26.35,5,100.0,mg-ba
1707334584,11167339.0,634547416.0,30.35,7,20.0,sp-df
1707347067,89863201.0,3263641676.0,27.33,7,10.0,mg-df
1707360077,988182222.0,3263641676.0,27.71,5,100.0,mg-ba
1707424819,1812154479.0,3413203318.0,28.56,5,100.0,mg-ba
1707432365,282853927.0,3413203318.0,28.92,5,100.0,mg-ba
1707440124,57302727.0,1016124757.0,27.89,5,100.0,mg-ba
1707491860,987447722.0,4652635114.0,27.19,6,100.0,mg-ba
1707516397,1867567311.0,3714443808.0,27.44,6,100.0,es-ba
1707533386,3302602070.0,1927590409.0,23.23,5,100.0,mg-ba
1707576375,901309043.0,1420090169.0,29.14,5,100.0,mg-ba
1707601359,1207170041.0,2064074484.0,23.06,5,100.0,mg-ba
1707615336,1628100682.0,2064074484.0,23.94,5,100.0,mg-ba
1707651143,2089808206.0,483866532.0,23.26,5,100.0,mg-ba
1707683841,1354973023.0,2509038047.0,22.94,7,100.0,es-ba
1707685648,1199678500.0,2509038047.0,22.57,6,100.0,mg-ba
1707702226,2192578445.0,2467713452.0,26.95,5,100.0,mg-ba
1707758174,1103155980.0,3380723178.0,25.99,5,100.0,mg-ba
1707785691,164522117.0,930880791.0,28.54,5,100.0,mg-ba
1707788026,570216712.0,930880791.0,28.6,5,100.0,mg-ba
1707858289,2584436251.0,3225377668.0,26.32,7,100.0,es-ba
1707870104,305817893.0,3621117673.0,27.48,5,100.0,mg-ba
1707910031,2010495135.0,3331544828.0,27.92,5,100.0,mg-ba
1707923786,872472328.0,2356722157.0,27.9,6,100.0,es-ba
1707928926,1216087414.0,2356722157.0,27.24,5,100.0,mg-ba
1707934520,957035793.0,2356722157.0,27.5,5,100.0,mg-ba
1707947019,1287220634.0,2372937691.0,26.94,5,100.0,mg-ba
1708042166,71665772.0,1905487646.0,28.52,5,100.0,mg-ba
1708049952,1417068562.0,1905487646.0,29.89,5,100.0,mg-ba
1708116451,1565448384.0,3463639271.0,27.11,5,100.0,mg-ba
1708137764,1068097069.0,2380636426.0,29.39,5,100.0,mg-ba
1708175181,2909192527.0,3379201218.0,25.7,5,100.0,mg-ba
1708175871,534984491.0,3379201218.0,24.22,5,100.0,mg-ba
1708193346,1653449628.0,2010661521.0,36.49,5,100.0,ce-ba
1708207152,1888710106.0,2534265350.0,29.45,5,100.0,mg-ba
1708223171,1980612482.0,2548413885.0,34.86,5,100.0,ce-ba
1708241171,1654873430.0,2548413885.0,36.07,5,100.0,ce-ba
1708254333,1344031069.0,1339612153.0,35.64,5,100.0,ce-ba
1708265676,949019592.0,1339612153.0,29.18,5,100.0,mg-ba
1708282078,424242946.0,2054480812.0,23.05,5,100.0,mg-ba
1708300635,1238686544.0,2054480812.0,34.9,5,100.0,ce-ba
1708305303,2563606812.0,2054480812.0,29.11,5,100.0,mg-ba
1708352638,749629905.0,1562545057.0,27.68,5,100.0,mg-ba
1708362856,709678720.0,1562545057.0,27.38,5,100.0,mg-ba
1708391314,871002049.0,2581182941.0,25.28,5,100.0,mg-ba
1708427479,1442370519.0,2604247129.0,26.42,5,100.0,mg-ba
1708427565,1503817375.0,2604247129.0,26.07,5,100.0,mg-ba
1708471710,78119095.0,873989581.0,28.49,5,100.0,mg-ba
1708479164,799383632.0,873989581.0,27.6,5,100.0,mg-ba
1708509689,2268113634.0,3412250667.0,27.65,6,100.0,es-ba
1708526630,854746940.0,2446298053.0,28.86,5,100.0,mg-ba
1708546333,2282628744.0,1998605576.0,28.64,5,100.0,mg-ba
1708562276,280127582.0,766621541.0,28.07,5,100.0,mg-ba
1708579428,1755222073.0,3660520148.0,26.39,6,100.0,es-ba
1708601228,1793020241.0,1455050064.0,28.11,5,100.0,mg-ba
1708608079,1426721750.0,1455050064.0,23.94,5,100.0,mg-ba
1708634465,2809974245.0,2457882175.0,25.09,5,100.0,mg-ba
1708715676,2396609493.0,2467612913.0,26.78,5,100.0,mg-ba
1708730512,278292863.0,2495326375.0,27.26,5,100.0,mg-ba
1708738673,475817999.0,2495326375.0,26.82,5,100.0,mg-ba
1708802138,1611090670.0,573729649.0,26.23,6,100.0,es-ba
1708860289,1974422201.0,1237210987.0,26.9,5,100.0,mg-ba
1708875420,820512484.0,1237210987.0,26.73,5,100.0,mg-ba
1708888669,477889443.0,2005460446.0,26.57,5,100.0,mg-ba
1708898945,1256144382.0,2005460446.0,26.39,5,100.0,mg-ba
1708923579,1266262783.0,3306116625.0,27.76,5,100.0,mg-ba
1708971666,2303343358.0,3003962026.0,27.86,5,100.0,mg-ba
1708993286,25482481.0,736991309.0,33.45,5,100.0,mg-ba
1708998715,790575970.0,898422926.0,26.45,5,100.0,mg-ba
1709037339,1083603657.0,1338090509.0,26.56,5,100.0,mg-ba
1709041892,1038355135.0,1338090509.0,27.3,5,100.0,mg-ba
1709056963,1723429173.0,2493614845.0,27.14,6,100.0,es-ba
1709069187,645347357.0,2867028254.0,27.03,5,100.0,mg-ba
1709086478,2254122474.0,2986408673.0,29.22,5,100.0,mg-ba
1709123839,1619793364.0,3903815343.0,25.84,6,100.0,es-ba
1709128776,1185417716.0,3903815343.0,27.86,5,100.0,mg-ba
1709165119,20763147.0,827957265.0,28.87,5,100.0,mg-ba
1709193479,585928478.0,3881150076.0,27.92,5,100.0,mg-ba
1709222268,747321535.0,2539625551.0,30.94,5,100.0,mg-ba
1709229756,1304082868.0,2539625551.0,29.68,6,100.0,mg-ba
1709252813,56518554.0,810657429.0,29.57,5,100.0,mg-ba
1709261044,2036726441.0,810657429.0,29.56,5,100.0,mg-ba
1709304161,914367827.0,2392797285.0,29.56,5,100.0,mg-ba
1709339692,19660834.0,3155169285.0,29.46,5,100.0,mg-ba
1709344889,1388156955.0,3155169285.0,29.44,5,100.0,mg-ba
1709398638,983198023.0,2428823753.0,29.44,5,100.0,mg-ba
1709425917,227345951.0,1882990823.0,29.3,5,100.0,mg-ba
1709446227,1220598920.0,3517517856.0,28.91,5,100.0,mg-ba
1709463473,539340027.0,2788849481.0,28.53,5,100.0,mg-ba
1709472877,402497728.0,3291863613.0,28.41,5,100.0,mg-ba
1709515171,1759305035.0,2690859094.0,29.27,6,100.0,es-ba
1709586887,1831075565.0,3539426926.0,23.17,6,100.0,es-ba
1709621858,2037559976.0,2725556782.0,23.4,6,100.0,es-ba
1709638441,2921388378.0,3365309573.0,23.57,6,100.0,es-ba
1709674789,827807346.0,2680329469.0,24.46,5,100.0,mg-ba
1709718737,1330277871.0,2651062272.0,23.77,5,100.0,mg-ba
1709788076,452985919.0,3329270082.0,24.69,5,100.0,mg-ba
1709855282,3722450.0,775791319.0,28.68,5,100.0,mg-ba
1709865064,1580469257.0,3483795521.0,28.66,5,100.0,mg-ba
1709913072,531839688.0,2720804683.0,29.77,5,100.0,mg-ba
1709937868,352322381.0,864603619.0,24.7,5,100.0,mg-ba
1709945276,115658106.0,864603619.0,26.57,5,100.0,mg-ba
1709978540,2243387252.0,2376482994.0,22.25,6,100.0,es-ba
1710017616,1793324414.0,1409766602.0,22.68,6,100.0,es-ba
1710095125,1151025672.0,886000493.0,29.25,5,100.0,mg-ba
1710104354,1030752269.0,886000493.0,27.12,5,100.0,mg-ba
1710133725,2049018006.0,1181701172.0,28.51,5,100.0,mg-ba
1710175179,1760453278.0,3232925338.0,23.33,5,100.0,mg-ba
1710200028,6186616.0,782186831.0,24.43,6,100.0,mg-ba
1710225465,1710113876.0,1397979658.0,26.76,6,100.0,es-ba
1710239577,575246406.0,1397979658.0,27.95,6,100.0,es-ba
1710255508,625373227.0,3578553509.0,26.29,7,100.0,es-ba
1710263046,2376077849.0,3578553509.0,26.51,7,100.0,es-ba
1710289239,696687691.0,3489703260.0,26.43,6,100.0,es-ba
1710351124,3741749636.0,3620086843.0,27.96,6,100.0,es-ba
1710376031,1296305580.0,754347573.0,26.32,7,100.0,es-ba
1710392816,2206564727.0,754347573.0,27.3,5,100.0,mg-ba
1710419014,1796319138.0,2920394274.0,28.16,6,100.0,es-ba
1710434512,1151287473.0,2920394274.0,27.08,5,100.0,mg-ba
1710531441,2178162664.0,816441100.0,26.29,5,100.0,mg-ba
1710542693,190002626.0,816441100.0,26.31,5,100.0,mg-ba
1710621854,873945586.0,3889124168.0,25.81,6,100.0,es-ba
1710624125,1380298400.0,3889124168.0,25.09,6,100.0,es-ba
1710638318,1752905288.0,3255522859.0,24.2,6,100.0,es-ba
1710669432,2213119526.0,1136557322.0,27.41,6,100.0,es-ba
1710698041,1449519544.0,2725614566.0,27.79,5,100.0,mg-ba
1710715187,463486976.0,1477865822.0,23.84,5,100.0,mg-ba
1710725456,662543573.0,1477865822.0,24.07,5,100.0,mg-ba
1710780438,1724437902.0,2541229145.0,26.93,5,100.0,mg-ba
1710798249,2435063895.0,2541229145.0,27.56,5,100.0,mg-ba
1710809697,3408880589.0,2541229145.0,25.98,6,100.0,es-ba
1710903261,2235889337.0,3509700136.0,28.64,6,100.0,es-ba
1710928667,1056128123.0,2746482138.0,28.49,6,100.0,es-ba
1710931157,2136637830.0,2746482138.0,27.55,6,100.0,es-ba
1710940591,2280750473.0,4371529134.0,29.9,5,100.0,mg-ba
1710959547,3609311390.0,3102310748.0,29.13,6,100.0,es-ba
1710985466,2775158188.0,3960489572.0,29.06,7,100.0,es-ba
1710989096,2486696367.0,3960489572.0,28.17,7,100.0,es-ba
1711018629,2869390447.0,2536399091.0,28.74,7,100.0,es-ba
1711020748,2097826651.0,2536399091.0,28.67,7,100.0,es-ba
1711045057,235982052.0,1905533501.0,29.49,5,100.0,mg-ba
1711060628,3591965321.0,3417129002.0,30.53,5,100.0,mg-ba
1711064798,877396977.0,3823009164.0,29.55,5,100.0,mg-ba
1711108801,2591083077.0,1597760813.0,28.08,6,100.0,es-ba
1711126927,1974981645.0,3596147776.0,29.08,6,100.0,es-ba
1711151925,160013801.0,2446444897.0,29.47,5,100.0,mg-ba
1711213961,1353715000.0,1230613900.0,30.12,5,100.0,mg-ba
1711226476,1891267033.0,3240996315.0,30.45,5,100.0,mg-ba
1711241974,828167436.0,3240996315.0,29.32,5,100.0,mg-ba
1711304234,2000476693.0,462859359.0,27.96,5,100.0,mg-ba
1711319804,772801246.0,2711446556.0,27.66,7,100.0,mg-ba
1711328935,314940730.0,2711446556.0,28.66,5,100.0,mg-ba
1711350445,1857496983.0,3150983168.0,28.24,6,100.0,es-ba
1711369629,3441738653.0,3630252223.0,27.9,5,100.0,mg-ba
1711391825,2430875411.0,3500577495.0,27.77,5,100.0,mg-ba
1711414495,54630825.0,3893251212.0,30.5,5,100.0,mg-ba
1711433620,2054850075.0,3674036051.0,32.19,5,100.0,mg-ba
1711480495,3411665808.0,1093038354.0,29.51,6,100.0,mg-ba
1711497206,13107223.0,892393192.0,27.83,6,100.0,mg-ba
1711539322,2522882181.0,3338313504.0,26.95,6,100.0,mg-ba
1711550551,2267442669.0,3338313504.0,27.17,6,100.0,mg-ba
1711570301,2385815371.0,3338313504.0,27.03,5,100.0,mg-ba
1711644886,2272608238.0,2494690112.0,27.03,7,100.0,mg-ba
1711658133,1178186709.0,2949289673.0,26.62,5,100.0,mg-ba
1711661203,1439070523.0,2550454210.0,26.84,5,100.0,mg-ba
1711700858,3269703147.0,2774189622.0,27.45,5,100.0,mg-ba
1711715740,813382965.0,2774189622.0,30.52,6,20.0,sp-df
1711727463,2284843105.0,2379115275.0,27.64,6,100.0,mg-ba
1711732857,1060898942.0,2379115275.0,28.0,6,100.0,mg-ba
1711748611,173173538.0,1030068633.0,27.25,6,100.0,mg-ba
1711764909,1900021137.0,1030068633.0,27.69,7,100.0,mg-ba
1711791607,1525742104.0,2616833331.0,28.54,5,100.0,mg-ba
1711815220,2259679698.0,3119298352.0,27.3,5,100.0,mg-ba
1711824580,1668907862.0,2299493250.0,29.35,5,100.0,mg-ba
1711839229,582223046.0,1515557275.0,27.27,5,100.0,mg-ba
1711852941,3031718097.0,1515557275.0,28.03,5,100.0,mg-ba
1711888940,2446403093.0,2692647755.0,28.12,5,100.0,mg-ba
1711896158,1630161328.0,2692647755.0,28.04,5,100.0,mg-ba
1711918860,479463629.0,1084073549.0,27.72,5,100.0,mg-ba
1711930481,52061889.0,1084073549.0,28.74,5,100.0,mg-ba
1711989805,3485953613.0,3416619938.0,28.6,5,100.0,mg-ba
1712005509,3151660963.0,3416619938.0,32.43,6,20.0,sp-df
1712113121,3329669873.0,1869518302.0,26.27,5,100.0,mg-ba
1712156958,655255764.0,2848100264.0,26.96,5,100.0,mg-ba
1712164616,1523949682.0,2848100264.0,28.37,5,100.0,mg-ba
1712182893,2531123148.0,2879468759.0,29.97,6,20.0,sp-df
1712231918,3555218614.0,3144217626.0,31.06,6,20.0,sp-df
1712242191,2027216035.0,3222949393.0,33.1,6,20.0,sp-df
1712261934,2296541022.0,4140010716.0,32.56,7,20.0,sp-df
1712271916,2372614101.0,4140010716.0,33.02,6,20.0,sp-df
1712300424,739356635.0,2479502891.0,33.11,6,20.0,sp-df
1712318908,2476625215.0,3180495291.0,45.05,6,100.0,es-ba
1712324689,2718263795.0,3180495291.0,32.16,6,20.0,sp-df
1712349161,2075190454.0,3446062910.0,33.35,6,20.0,sp-df
1712352968,1184688160.0,3446062910.0,34.53,6,20.0,sp-df
1712392312,962473352.0,2585859592.0,33.55,6,20.0,sp-df
1712393774,819619963.0,2585859592.0,33.63,6,20.0,sp-df
1712416905,2389599129.0,2432934224.0,32.46,6,20.0,sp-df
1712430869,3374179683.0,3096435694.0,33.58,7,20.0,sp-df
1712443985,2947525066.0,3233348164.0,33.1,6,20.0,sp-df
1712457754,2133915365.0,2521046285.0,32.79,7,20.0,sp-df
1712472494,610272879.0,2521046285.0,33.62,6,20.0,sp-df
1712491814,2361821911.0,2898901181.0,33.42,6,20.0,sp-df
1712506046,1586600345.0,2178735243.0,33.22,6,20.0,sp-df
1712519664,395736698.0,2646052921.0,32.09,6,20.0,sp-df
1712523974,1043850518.0,2646052921.0,29.95,6,20.0,sp-df
1712541828,3115379357.0,4104121128.0,29.4,6,20.0,sp-df
1712582652,381524511.0,3128696931.0,30.78,6,20.0,sp-df
1712586808,2472134052.0,3128696931.0,30.96,6,20.0,sp-df
1712597197,2560250700.0,3769025352.0,30.66,6,20.0,sp-df
1712617780,2197850901.0,2961497026.0,35.59,6,20.0,sp-df
1712936055,1078413451.0,2701875100.0,43.45,7,100.0,ce-ba
1712957326,3639451101.0,3031441249.0,24.57,5,100.0,mg-ba
1712975613,3227906202.0,3031441249.0,40.14,5,100.0,ce-ba
1713047485,3043364765.0,3704641421.0,42.24,7,100.0,ce-ba
1713083913,1013238634.0,1107390316.0,42.72,5,100.0,ce-ba
1713092713,3580802592.0,1107390316.0,42.45,5,100.0,ce-ba
1713101468,2119745739.0,2509697054.0,41.13,5,100.0,ce-ba
1713112509,2182254198.0,2509697054.0,42.97,5,100.0,ce-ba
1713129913,2266334978.0,2165736017.0,42.5,5,100.0,ce-ba
1713141592,1957634362.0,2165736017.0,42.58,5,100.0,ce-ba
1713174335,1864845022.0,2487180164.0,41.79,5,100.0,ce-ba
1713191630,2588797671.0,1697963115.0,41.8,5,100.0,ce-ba
1713198164,1816443845.0,1697963115.0,41.36,5,100.0,ce-ba
1713263545,2404598210.0,2101072071.0,41.45,5,100.0,ce-ba
1713280377,3506837765.0,3569421016.0,42.27,6,100.0,ce-ba
1713296293,417870573.0,3685799833.0,27.69,5,100.0,mg-ba
1713305435,5771641.0,368365503.0,29.32,5,100.0,mg-ba
1713335311,1656432525.0,2204622813.0,26.91,5,100.0,mg-ba
1713361604,2318720514.0,4554234543.0,29.44,5,100.0,mg-ba
1713378289,2899053395.0,3904801342.0,26.71,5,100.0,mg-ba
1713392707,11691639.0,1163293006.0,29.16,5,100.0,mg-ba
1713394423,6501207.0,1163293006.0,28.84,5,100.0,mg-ba
1713422985,2389921349.0,3438130637.0,29.09,5,100.0,mg-ba
1713448943,2620548055.0,3438130637.0,25.86,5,100.0,mg-ba
1713450338,2711273986.0,3438130637.0,28.18,5,100.0,mg-ba
1713471131,3097863293.0,3487653764.0,28.86,5,100.0,mg-ba
1713489902,64749700.0,1170477056.0,29.44,5,100.0,mg-ba
1713494528,2005090335.0,1170477056.0,29.58,5,100.0,mg-ba
1713520851,2073668252.0,4360599999.0,29.75,5,100.0,mg-ba
1713522255,658034016.0,4360599999.0,28.96,5,100.0,mg-ba
1713539060,588878809.0,4312900102.0,28.94,5,100.0,mg-ba
1713550202,1952129839.0,4312900102.0,29.38,5,100.0,mg-ba
1713591341,3216038719.0,1862046166.0,29.49,5,100.0,mg-ba
1713606206,2052273460.0,1862046166.0,29.28,6,100.0,mg-ba
1713634702,2444786217.0,2189528261.0,31.01,6,100.0,mg-ba
1713641959,642042956.0,2189528261.0,29.2,6,100.0,mg-ba
1713654615,3421176941.0,927308649.0,28.45,6,100.0,mg-ba
1713684175,583379691.0,3329220054.0,29.21,5,100.0,mg-ba
1713705687,2286652587.0,4902715572.0,26.55,5,100.0,mg-ba
1713707002,2799908615.0,4902715572.0,26.68,5,100.0,mg-ba
1713709007,1658008288.0,4902715572.0,26.8,5,100.0,mg-ba
1713725286,400504764.0,2152369642.0,26.45,5,100.0,mg-ba
1713742535,31354915.0,947547502.0,26.43,5,100.0,mg-ba
1713764691,2519788494.0,3068296492.0,28.56,6,100.0,es-ba
1713787146,1063891400.0,3068296492.0,26.66,6,100.0,es-ba
1713806343,1659322160.0,4237072876.0,28.93,6,100.0,es-ba
1713830031,2967549177.0,4365587101.0,27.87,6,100.0,es-ba
1713901376,2431128682.0,2527710196.0,26.45,5,100.0,mg-ba
1713903462,2864407662.0,2527710196.0,26.25,5,100.0,mg-ba
1713967829,2444316814.0,4294925389.0,26.53,6,100.0,es-ba
1713969030,2807346208.0,4294925389.0,26.58,6,100.0,es-ba
1713987800,2561775513.0,3770420383.0,38.37,8,100.0,es-ba
1713993284,1904481682.0,3098659797.0,29.13,6,100.0,es-ba
1714008484,2228647441.0,5442715998.0,28.78,6,100.0,es-ba
1714047217,2544582432.0,4377132855.0,27.95,6,100.0,es-ba
1714052145,3242375840.0,4377132855.0,29.28,6,100.0,es-ba
1714082510,2304821439.0,4819999903.0,26.39,6,100.0,es-ba
1714082762,2120646994.0,4819999903.0,26.23,6,100.0,es-ba
1714147742,2049417120.0,3421668986.0,28.79,5,100.0,mg-ba
1714239369,2921601745.0,3131468618.0,29.26,5,100.0,sp-mg
1714260460,182766924.0,2136262282.0,28.88,5,100.0,mg-ba
1714333919,1561650717.0,3530465891.0,25.21,5,100.0,mg-ba
1714357023,2634511368.0,3660322711.0,25.9,5,100.0,mg-ba
1714433233,19818143.0,1092356123.0,21.86,5,100.0,mg-ba
1714504988,332332504.0,522610565.0,141.65,6,100.0,ce-ba
1714525917,880334401.0,522610565.0,142.73,6,100.0,ce-ba
1714567063,1373323763.0,1297234072.0,111.62,7,100.0,pi-ba
1714567214,1127118118.0,1297234072.0,111.92,7,100.0,pi-ba
1714598403,377802745.0,521038508.0,141.94,6,100.0,mg-ba
1714614402,540961900.0,521038508.0,125.5,6,100.0,ce-ba
1714757356,1183982556.0,3107404100.0,22.44,7,100.0,es-ba
1714771542,3771159263.0,3107404100.0,20.57,7,100.0,es-ba
1714785185,501849427.0,2992560219.0,21.14,6,100.0,mg-ba
1714823396,2666226326.0,3769177141.0,21.15,6,100.0,mg-ba
1714836017,2242390427.0,3769177141.0,21.65,6,100.0,mg-ba
1714844267,1695504118.0,3769177141.0,20.57,6,100.0,mg-ba
1714867958,346820621.0,3311822272.0,21.05,7,100.0,es-ba
1714876302,1669807606.0,3311822272.0,21.17,6,100.0,mg-ba
1714920878,1123073000.0,4599650371.0,21.32,6,100.0,mg-ba
1714936898,615095942.0,4599650371.0,20.5,6,100.0,mg-ba
1714948211,2295382997.0,2523195619.0,20.49,7,100.0,es-ba
1714954188,3184750473.0,3457121830.0,19.75,7,100.0,es-ba
1715007441,478886095.0,4539544921.0,20.41,7,100.0,es-ba
1715016950,2143491771.0,4539544921.0,20.73,7,100.0,es-ba
1715213346,2528166636.0,5640336810.0,21.65,6,100.0,mg-ba
1715221776,1457366195.0,5640336810.0,21.29,6,100.0,mg-ba
1715253069,2264459320.0,1804517532.0,21.74,6,100.0,mg-ba
1715265577,1172436423.0,4243872540.0,21.62,6,100.0,mg-ba
1715283023,1458687055.0,4394272716.0,21.77,6,100.0,mg-ba
1715300310,20657020.0,870514650.0,21.56,6,100.0,mg-ba
1715344259,2458500508.0,3588959278.0,25.04,6,100.0,mg-ba
1715358833,1570998949.0,3588959278.0,20.38,7,100.0,es-ba
1715378863,1225998369.0,4309961286.0,20.57,6,100.0,mg-ba
1715381818,134589043.0,2017862300.0,21.58,6,100.0,mg-ba
1715386175,85511334.0,2017862300.0,20.72,6,100.0,mg-ba
1715419077,2301157135.0,3826881438.0,20.83,6,100.0,mg-ba
1715435078,1974673101.0,3826881438.0,19.91,7,100.0,es-ba
1715456025,2784028668.0,2505001521.0,19.5,6,100.0,mg-ba
1715471120,332609188.0,3270272235.0,21.51,6,100.0,mg-ba
1715528151,2275673429.0,3819319837.0,22.09,6,100.0,mg-ba
1715547839,3244739207.0,3819319837.0,22.61,6,100.0,mg-ba
1715555890,1521172854.0,3086650311.0,22.54,6,100.0,mg-ba
1715583028,2246577112.0,4594716070.0,23.13,6,100.0,mg-ba
1715603503,2500271792.0,3918802216.0,24.62,6,100.0,mg-ba
1715623851,3040436527.0,2096123127.0,24.89,6,100.0,sp-mg
1715647854,141348468.0,4634117091.0,24.14,7,100.0,es-ba
1715694783,2744652071.0,3485932034.0,21.84,7,100.0,es-ba
1715708200,3002451264.0,4282860311.0,24.26,6,100.0,mg-ba
1715725325,459695764.0,1394513251.0,23.17,6,100.0,mg-ba
1715777001,3092735627.0,3409083728.0,22.88,6,100.0,mg-ba
1715796393,2298479626.0,2599145026.0,22.75,6,100.0,mg-ba
1715806439,2697924311.0,2599145026.0,20.12,6,100.0,mg-ba
1715818419,47186092.0,1106984007.0,21.3,6,100.0,mg-ba
1715880861,1894230298.0,3802571980.0,21.34,6,100.0,mg-ba
1715896970,1894087965.0,3802571980.0,21.56,6,100.0,mg-ba
1715936776,967415782.0,1321835103.0,21.14,6,100.0,mg-ba
1715967509,1569982840.0,4606001882.0,21.98,6,100.0,mg-ba
1715981199,2089293530.0,928564851.0,20.83,6,100.0,mg-ba
1716051052,2726464156.0,3199107876.0,20.08,6,100.0,mg-ba
1716072992,796616320.0,2889953460.0,20.57,6,100.0,mg-ba
1716151274,2753952672.0,2854328729.0,20.96,6,100.0,mg-ba
1716157214,1235572169.0,2854328729.0,20.78,6,100.0,mg-ba
1716172736,1047480232.0,4303561961.0,21.57,7,100.0,mg-ba
1716241839,2715761855.0,4194752793.0,19.84,7,100.0,es-ba
1716249992,921805788.0,4194752793.0,20.09,7,100.0,es-ba
1716298090,2466010432.0,5094497071.0,22.64,6,100.0,mg-ba
1716312677,2691371003.0,5094497071.0,20.8,6,100.0,mg-ba
1716326451,2377231047.0,4393592898.0,21.62,6,100.0,mg-ba
1716340622,1228351959.0,3964947428.0,21.32,6,100.0,mg-ba
1716368124,2206214431.0,1454803289.0,21.33,6,100.0,mg-ba
1716377298,1106453633.0,1454803289.0,21.22,6,100.0,mg-ba
1716396226,2924432468.0,639107423.0,20.56,7,100.0,es-ba
1716411532,3375350000.0,5848429715.0,20.82,7,100.0,es-ba
1716419678,81739564.0,5848429715.0,21.52,6,100.0,mg-ba
1716635840,433797474.0,1831111481.0,20.41,6,100.0,mg-ba
1716659290,2879887074.0,3740951189.0,19.86,7,100.0,es-ba
1716670805,2844552210.0,3740951189.0,20.73,6,100.0,mg-ba
1716680874,2848515257.0,3740951189.0,21.23,6,100.0,mg-ba
1716732712,2358035468.0,1578367761.0,20.36,7,100.0,es-ba
1716737039,3290506292.0,1578367761.0,21.65,6,100.0,mg-ba
1716796079,2124888853.0,3412706028.0,22.47,6,100.0,mg-ba
1716857762,2177381781.0,3150397628.0,21.02,6,100.0,mg-ba
1716945434,73715062.0,3017534152.0,20.86,6,100.0,mg-ba
1717077514,2477216422.0,2636548326.0,21.17,6,100.0,mg-ba
1717090176,1895405314.0,2820102329.0,20.04,7,100.0,es-ba
1717118571,141977474.0,953943256.0,21.31,6,100.0,mg-ba
1717148486,714657651.0,3206654273.0,21.9,6,100.0,mg-ba
1717153733,1969650020.0,3206654273.0,20.38,7,100.0,es-ba
1717164030,2911808019.0,3850653709.0,21.51,6,100.0,mg-ba
1717191267,1895051388.0,4385590795.0,22.47,6,100.0,mg-ba
1717200720,1867564510.0,4385590795.0,20.66,6,100.0,mg-ba
1717210217,2442768267.0,1220811688.0,21.89,7,100.0,es-ba
1717253613,1748917112.0,3269930028.0,20.66,6,100.0,mg-ba
1717282168,51118212.0,2631920890.0,22.2,6,100.0,mg-ba
1717291441,310746150.0,2631920890.0,21.4,6,100.0,mg-ba
1717295758,2271645723.0,2631920890.0,21.85,6,100.0,mg-ba
1717351342,113456314.0,1064801329.0,21.01,6,100.0,mg-ba
1717360864,31090278.0,1064801329.0,21.97,6,100.0,mg-ba
1717376802,90911693.0,1064801329.0,21.54,6,100.0,mg-ba
1717411955,658822474.0,3518299718.0,20.43,7,100.0,es-ba
1717452946,47238436.0,1105307277.0,21.48,6,100.0,sp-mg
1717467573,1924215011.0,2049810433.0,21.91,6,100.0,sp-mg
1717516896,3071063553.0,4401456570.0,19.51,7,100.0,es-ba
1717547484,17458822.0,1067718704.0,21.95,6,100.0,sp-mg
1717566648,2223717458.0,1067718704.0,20.4,6,100.0,sp-mg
1717623606,130914988.0,965376562.0,20.97,6,100.0,mg-ba
1719005922,939555524.0,912628075.0,23.48,7,100.0,es-ba
1719025083,941360468.0,912628075.0,24.7,5,100.0,mg-ba
1719275777,197482575.0,756548302.0,22.07,5,100.0,mg-ba
1719313643,939841864.0,927102039.0,22.0,5,100.0,mg-ba
1719355898,320654524.0,924530753.0,21.54,5,100.0,mg-ba
1719397999,939711634.0,928464218.0,22.21,5,100.0,mg-ba
1719404586,941360280.0,739666250.0,22.34,5,100.0,mg-ba
1719422235,940942261.0,913190912.0,22.13,5,100.0,mg-ba
1719432629,939158221.0,929519722.0,22.88,5,100.0,mg-ba
1719456668,940678893.0,904722229.0,22.93,5,100.0,mg-ba
1719475538,939175783.0,928568241.0,24.18,6,100.0,mg-ba
1719504099,938673001.0,761738339.0,22.81,5,100.0,mg-ba
1719517771,3183990464.0,6001103205.0,22.3,7,100.0,es-ba
1719527063,2429086141.0,6001103205.0,22.83,7,100.0,es-ba
1719536523,13579062.0,2690035566.0,23.99,6,100.0,mg-ba
1719577584,2598468520.0,3678573665.0,22.14,7,100.0,es-ba
1719580251,3139648142.0,3678573665.0,23.08,6,100.0,mg-ba
1719598757,698971431.0,2494888353.0,23.82,6,100.0,mg-ba
1719622639,80478405.0,4172777878.0,23.13,6,100.0,mg-ba
1719645507,3518753458.0,4172777878.0,23.64,6,100.0,mg-ba
1719654493,3270971408.0,5112234331.0,22.85,6,100.0,mg-ba
1719667944,2621492953.0,5112234331.0,22.5,7,100.0,es-ba
1719675545,2829798842.0,3911617493.0,24.12,6,100.0,mg-ba
1719687339,1261438000.0,2175689689.0,23.67,6,100.0,mg-ba
1719698147,84340216.0,3472828971.0,23.5,6,100.0,mg-ba
1719712522,2507145717.0,2160392042.0,23.55,6,100.0,mg-ba
1719741499,3209278605.0,3022013421.0,21.72,6,100.0,mg-ba
1719749737,1777350005.0,3022013421.0,21.16,6,100.0,mg-ba
1719764125,2034728423.0,2142508983.0,21.57,6,100.0,mg-ba
1719782760,346764932.0,2935286575.0,21.08,6,100.0,mg-ba
1719797391,403441572.0,3805498678.0,23.96,6,100.0,mg-ba
1719811509,2449631666.0,4519481653.0,23.99,6,100.0,mg-ba
1719821801,3380794148.0,4519481653.0,23.78,6,100.0,mg-ba
1719839143,1969909899.0,4746127086.0,22.76,7,100.0,es-ba
1719853453,1411598445.0,4282815770.0,23.73,6,100.0,mg-ba
1719873122,1952383596.0,2710625048.0,21.27,7,100.0,es-ba
1719888673,3338033166.0,2726662420.0,22.2,6,100.0,mg-ba
1719919060,1368705568.0,4516815232.0,21.57,7,100.0,es-ba
1719929192,2534522047.0,4516815232.0,24.6,6,100.0,mg-ba
1719933938,1574182512.0,1297037834.0,23.99,6,100.0,mg-ba
1719951256,1349179020.0,1297037834.0,22.01,6,100.0,mg-ba
1720003151,901726267.0,1885656012.0,23.82,6,100.0,mg-ba
1720014683,337594901.0,1885656012.0,20.74,6,100.0,mg-ba
1720047955,5033173.0,1386438140.0,23.75,6,100.0,mg-ba
1720077337,882691718.0,1894627976.0,23.76,6,100.0,mg-ba
1720093203,413361452.0,1767480589.0,23.25,6,100.0,mg-ba
1720133353,4404021.0,1488720465.0,23.5,6,100.0,mg-ba
1720154099,415446995.0,1106564963.0,23.74,6,100.0,mg-ba
1720173097,3244349817.0,2065897792.0,19.18,7,100.0,es-ba
1720175911,399141372.0,1770109397.0,20.57,6,100.0,mg-ba
1720198233,1781586259.0,1693400689.0,20.5,7,100.0,es-ba
1720219651,12792647.0,967575632.0,21.49,6,100.0,mg-ba
1720237363,3846902500.0,2351283787.0,19.89,7,100.0,es-ba
1720239214,402709527.0,2351283787.0,20.51,7,100.0,mg-ba
1720270598,1524998716.0,1787611381.0,76.17,6,100.0,ce-ba
1720292478,147059497.0,1779326390.0,32.02,6,100.0,mg-ba
1720296718,155140658.0,1779326390.0,19.81,6,100.0,mg-ba
1720348410,403597084.0,1486198524.0,21.6,6,100.0,mg-ba
1720349210,545831897.0,1789717302.0,21.49,6,100.0,mg-ba
1720363843,1297769437.0,1568515468.0,21.67,6,100.0,mg-ba
1720369202,200750166.0,1568515468.0,21.27,6,100.0,mg-ba
1720394249,9384773.0,1351090446.0,21.71,6,100.0,mg-ba
1720420394,340253691.0,4580141966.0,21.58,6,100.0,mg-ba
1720442961,1055064456.0,1796895496.0,20.04,6,100.0,mg-ba
1720447633,389547425.0,1796895496.0,21.15,6,100.0,mg-ba
1720464912,1461504936.0,1828194815.0,21.16,7,100.0,mg-ba
1720483531,1765651848.0,1444039579.0,21.64,7,100.0,es-ba
1720488814,65326268.0,1361454550.0,21.21,6,100.0,mg-ba
1720492743,393327926.0,1361454550.0,21.15,6,100.0,mg-ba
1720544772,2179968576.0,3353289930.0,20.31,7,100.0,es-ba
1720545655,1175973221.0,3353289930.0,21.12,7,100.0,es-ba
1720547323,1967240220.0,3353289930.0,20.86,6,20.0,sp-df
1720560772,3516628672.0,1378886058.0,19.83,7,100.0,es-ba
1720600291,396782725.0,1504762675.0,21.7,6,100.0,mg-ba
1720615645,390018057.0,1504762675.0,20.9,6,100.0,mg-ba
1720633293,400819198.0,3246197487.0,21.67,6,100.0,mg-ba
1720651884,3352794.0,1322785171.0,23.6,6,100.0,mg-ba
1720689137,1288502147.0,1581043999.0,23.3,6,100.0,mg-ba
1720730454,414552063.0,1027639162.0,23.02,5,100.0,mg-ba
1720731158,419585567.0,1027639162.0,23.04,5,100.0,mg-ba
1720745995,6501184.0,1146779614.0,23.93,6,100.0,mg-ba
1720817382,398721303.0,1446400201.0,23.12,7,100.0,es-ba
